Workbook

Sheet Raw Data
A1: date | B1: product | C1: qty | D1: unit_price | E1: total
A2: 2026-07-01 | B2: Gel pen | C2: 4 | D2: 15 | E2: 60
A3: 2026-07-01 | B3: Pencil case | C3: 1 | D3: 120 | E3: 120
A4: 2026-07-01 | B4: Notebook | C4: 5 | D4: 35 | E4: 175
A5: 2026-07-02 | B5: Highlighter set | C5: 5 | D5: 89 | E5: 445
A6: 2026-07-02 | B6: Notebook | C6: 5 | D6: 35 | E6: 175
A7: 2026-07-03 | B7: Notebook | C7: 1 | D7: 35 | E7: 35
A8: 2026-07-03 | B8: Sticky notes | C8: 4 | D8: 25 | E8: 100
A9: 2026-07-04 | B9: Gel pen | C9: 1 | D9: 15 | E9: 15
A10: 2026-07-04 | B10: Backpack | C10: 2 | D10: 450 | E10: 900
A11: 2026-07-05 | B11: Backpack | D11: 450
A12: 2026-07-05 | B12: Gel pen | C12: 6 | D12: 15 | E12: 90
A13: 2026-07-06 | B13: Backpack | C13: 1 | D13: 450 | E13: 450
A14: 2026-07-06 | B14: Backpack | C14: 2 | D14: 450 | E14: 900
A15: 2026-07-06 | B15: Notebook | C15: 2 | D15: 35 | E15: 70
A16: 2026-07-06 | B16: Notebook | C16: 5 | D16: 35 | E16: 175
A17: 2026-07-07 | B17: Highlighter set | C17: 4 | D17: 89 | E17: 356
A18: 2026-07-07 | B18: Gel pen | C18: 5 | D18: 15 | E18: 75
A19: 2026-07-08 | B19: Backpack | C19: 2 | D19: 450 | E19: 900
A20: 2026-07-08 | B20: Backpack | C20: 1 | D20: 450 | E20: 450
A21: 2026-07-09 | B21: Backpack | C21: 1 | D21: 450 | E21: 450
A22: 2026-07-09 | B22: Highlighter set | C22: 1 | D22: 89 | E22: 89
A23: 2026-07-10 | B23: Pencil case | C23: 1 | D23: 120 | E23: 120
... A39: 2026-07-14 | B39: Gel pen | C39: 4 | D39: 15 | E39: 60

Sheet Summary by Product
A1: July 2026 Sales Summary by Product
A2: Prices in Thai Baht (THB)
A4: Product | B4: Units Sold | C4: Total Revenue (THB) | D4: Avg. Unit Price (THB) | E4: No. of Orders | F4: % of Total Revenue
A5: Backpack | B5: =SUMIFS('Raw Data'!C2:C39,'Raw Data'!B2:B39,A5) -> 15 | C5: =SUMIFS('Raw Data'!E2:E39,'Raw Data'!B2:B39,A5) -> 6750 | D5: =IFERROR(C5/B5,0) -> 450 | E5: =COUNTIFS('Raw Data'!B2:B39,A5) -> 11 | F5: =IFERROR(C5/$C$11,0) -> 0.64304087
A6: Gel pen | B6: =SUMIFS('Raw Data'!C2:C39,'Raw Data'!B2:B39,A6) -> 23 | C6: =SUMIFS('Raw Data'!E2:E39,'Raw Data'!B2:B39,A6) -> 345 | D6: =IFERROR(C6/B6,0) -> 15 | E6: =COUNTIFS('Raw Data'!B2:B39,A6) -> 6 | F6: =IFERROR(C6/$C$11,0) -> 0.032866533
A7: Highlighter set | B7: =SUMIFS('Raw Data'!C2:C39,'Raw Data'!B2:B39,A7) -> 18 | C7: =SUMIFS('Raw Data'!E2:E39,'Raw Data'!B2:B39,A7) -> 1602 | D7: =IFERROR(C7/B7,0) -> 89 | E7: =COUNTIFS('Raw Data'!B2:B39,A7) -> 5 | F7: =IFERROR(C7/$C$11,0) -> 0.15261503
A8: Notebook | B8: =SUMIFS('Raw Data'!C2:C39,'Raw Data'!B2:B39,A8) -> 24 | C8: =SUMIFS('Raw Data'!E2:E39,'Raw Data'!B2:B39,A8) -> 840 | D8: =IFERROR(C8/B8,0) -> 35 | E8: =COUNTIFS('Raw Data'!B2:B39,A8) -> 7 | F8: =IFERROR(C8/$C$11,0) -> 0.080022864
A9: Pencil case | B9: =SUMIFS('Raw Data'!C2:C39,'Raw Data'!B2:B39,A9) -> 3 | C9: =SUMIFS('Raw Data'!E2:E39,'Raw Data'!B2:B39,A9) -> 360 | D9: =IFERROR(C9/B9,0) -> 120 | E9: =COUNTIFS('Raw Data'!B2:B39,A9) -> 3 | F9: =IFERROR(C9/$C$11,0) -> 0.034295513
A10: Sticky notes | B10: =SUMIFS('Raw Data'!C2:C39,'Raw Data'!B2:B39,A10) -> 24 | C10: =SUMIFS('Raw Data'!E2:E39,'Raw Data'!B2:B39,A10) -> 600 | D10: =IFERROR(C10/B10,0) -> 25 | E10: =COUNTIFS('Raw Data'!B2:B39,A10) -> 6 | F10: =IFERROR(C10/$C$11,0) -> 0.057159188
A11: TOTAL | B11: =SUM(B5:B10) -> 107 | C11: =SUM(C5:C10) -> 10497 | D11: =IFERROR(C11/B11,0) -> 98.102804 | E11: =SUM(E5:E10) -> 38 | F11: =IFERROR(C11/$C$11,0) -> 1
A13: Note: One Backpack order on 2026-07-05 has no recorded quantity/price and is excluded from totals (see highlighted row in Raw Data tab).
A15: Top product by revenue: | B15: =INDEX(A5:A10,MATCH(MAX(C5:C10),C5:C10,0)) -> Backpack
